{"cameraMode":{"drawMode":0,"name":"Shaded","section":"Shading Mode"},"sceneLighting":true,"audioPlay":false,"sceneViewState":{"showFog":true,"showMaterialUpdate":false,"showSkybox":true,"showFlares":true,"showImageEffects":true,"showParticleSystems":true},"in2DMode":false,"pivot":{"x":-0.9168691039085388,"y":26.29376792907715,"z":-0.41985589265823367},"rotation":{"x":0.14524118602275849,"y":-0.026714419946074487,"z":0.0039249928668141369,"w":0.9890323877334595},"size":4.904167175292969,"orthographic":false}