{"cameraMode":{"drawMode":0,"name":"Shaded","section":"Shading Mode"},"sceneLighting":true,"audioPlay":false,"sceneViewState":{"showFog":true,"showMaterialUpdate":false,"showSkybox":true,"showFlares":true,"showImageEffects":true,"showParticleSystems":true},"in2DMode":false,"pivot":{"x":275.9834289550781,"y":362.79559326171877,"z":-24.295440673828126},"rotation":{"x":0.14524118602275849,"y":-0.026714419946074487,"z":0.0039249928668141369,"w":0.9890323877334595},"size":98.64115142822266,"orthographic":false}